{
  "creator_alchemy": {
    "G1": {
      "centroid": {
        "pc1": -0.08658299182642017,
        "pc2": -0.14140190297558572
      },
      "radius": 0.0
    },
    "G2": {
      "centroid": {
        "pc1": -0.06448261790044238,
        "pc2": -0.08242944460462767
      },
      "radius": 0.19746832178786114
    },
    "G3": {
      "centroid": {
        "pc1": 0.05301464131287655,
        "pc2": -0.17869117642241233
      },
      "radius": 0.05618316660468634
    },
    "G4": {
      "centroid": {
        "pc1": 0.0005727864872981595,
        "pc2": -0.20698511685975074
      },
      "radius": 0.11402505992424622
    },
    "G5": {
      "centroid": {
        "pc1": 0.026095967566710336,
        "pc2": -0.19486881017698499
      },
      "radius": 0.08965327070035896
    },
    "G6": {
      "centroid": {
        "pc1": -0.040812488905246455,
        "pc2": -0.17234215913415063
      },
      "radius": 0.0
    }
  },
  "creator_science": {
    "G1": {
      "centroid": {
        "pc1": 0.1057789821703036,
        "pc2": 0.1832777386633239
      },
      "radius": 0.0
    },
    "G2": {
      "centroid": {
        "pc1": -0.7210390340273434,
        "pc2": 0.20229171975872345
      },
      "radius": 0.3027138330393496
    },
    "G4": {
      "centroid": {
        "pc1": 0.1608352429777477,
        "pc2": 0.059057302426855224
      },
      "radius": 0.07245505754128265
    },
    "G6": {
      "centroid": {
        "pc1": -0.056286142178719446,
        "pc2": 0.09624315306081781
      },
      "radius": 0.0
    }
  },
  "founders": {
    "G1": {
      "centroid": {
        "pc1": 0.04969798501531225,
        "pc2": -0.30186008162026
      },
      "radius": 0.10622278069042093
    },
    "G2": {
      "centroid": {
        "pc1": -0.001892806277217961,
        "pc2": -0.2604498281418737
      },
      "radius": 0.15571802579934044
    },
    "G3": {
      "centroid": {
        "pc1": 0.027095387735983942,
        "pc2": -0.3262143501280775
      },
      "radius": 0.1085596862898017
    },
    "G4": {
      "centroid": {
        "pc1": 0.0024106563155937575,
        "pc2": -0.3512115495164079
      },
      "radius": 0.12825732062289155
    },
    "G5": {
      "centroid": {
        "pc1": 0.10072328545931991,
        "pc2": -0.3037291591702104
      },
      "radius": 0.10234278747467362
    },
    "G6": {
      "centroid": {
        "pc1": 0.06711924922109992,
        "pc2": -0.25527246985191404
      },
      "radius": 0.2033862630801931
    }
  }
}