{
  "bootstrapped_founder": {
    "dominant_game": "G2",
    "entropy_mean": 1.729041538623999,
    "experience_score_final": 1.750177177271367,
    "experience_type": "Convergent",
    "game_distribution": {
      "G1": 0.0,
      "G2": 78.80184331797236,
      "G3": 2.5345622119815667,
      "G4": 13.594470046082948,
      "G5": 0.9216589861751152,
      "G6": 4.147465437788019
    },
    "margin_mean": 0.0,
    "phase_count": 1,
    "podcast_id": "bootstrapped_founder"
  },
  "creator_alchemy": {
    "dominant_game": "G4",
    "entropy_mean": 1.88374842652278,
    "experience_score_final": 0.0,
    "experience_type": "Boundary",
    "game_distribution": {
      "G1": 4.545454545454546,
      "G2": 27.27272727272727,
      "G3": 11.363636363636363,
      "G4": 43.18181818181818,
      "G5": 11.363636363636363,
      "G6": 2.272727272727273
    },
    "margin_mean": 0.0,
    "phase_count": 1,
    "podcast_id": "creator_alchemy"
  },
  "creator_science": {
    "dominant_game": "G2",
    "entropy_mean": 1.4632692270994903,
    "experience_score_final": 9.166694742517207,
    "experience_type": "Convergent",
    "game_distribution": {
      "G1": 0.411522633744856,
      "G2": 95.06172839506173,
      "G3": 0.0,
      "G4": 4.11522633744856,
      "G5": 0.0,
      "G6": 0.411522633744856
    },
    "margin_mean": 0.0,
    "phase_count": 1,
    "podcast_id": "creator_science"
  },
  "engineering_generosity": {
    "dominant_game": "G4",
    "entropy_mean": 1.8028106148785383,
    "experience_score_final": 0.0,
    "experience_type": "Boundary",
    "game_distribution": {
      "G1": 0.0,
      "G2": 31.57894736842105,
      "G3": 10.526315789473683,
      "G4": 31.57894736842105,
      "G5": 21.052631578947366,
      "G6": 5.263157894736842
    },
    "margin_mean": 0.0,
    "phase_count": 1,
    "podcast_id": "engineering_generosity"
  },
  "founders": {
    "dominant_game": "G4",
    "entropy_mean": 1.924698397137849,
    "experience_score_final": 0.0,
    "experience_type": "Boundary",
    "game_distribution": {
      "G1": 0.975609756097561,
      "G2": 30.24390243902439,
      "G3": 13.170731707317074,
      "G4": 49.75609756097561,
      "G5": 4.390243902439024,
      "G6": 1.4634146341463417
    },
    "margin_mean": 0.0,
    "phase_count": 1,
    "podcast_id": "founders"
  },
  "infinite_loops": {
    "dominant_game": "G2",
    "entropy_mean": 1.7258546696877333,
    "experience_score_final": 1.8391084482091646,
    "experience_type": "Convergent",
    "game_distribution": {
      "G1": 0.0,
      "G2": 83.12101910828027,
      "G3": 8.280254777070063,
      "G4": 8.598726114649681,
      "G5": 0.0,
      "G6": 0.0
    },
    "margin_mean": 0.0,
    "phase_count": 1,
    "podcast_id": "infinite_loops"
  }
}